{"stats":{"minecraft:killed":{"minecraft:sheep":2,"minecraft:spider":1},"minecraft:crafted":{"minecraft:white_wool":5,"minecraft:clock":2},"minecraft:custom":{"minecraft:time_since_rest":19408,"minecraft:waystone_activated":2,"minecraft:sprint_one_cm":83168,"minecraft:damage_taken":1065,"minecraft:walk_one_cm":55596,"minecraft:mob_kills":3,"minecraft:damage_dealt":394,"minecraft:swim_one_cm":7717,"minecraft:interact_with_crafting_table":1,"minecraft:fly_one_cm":138024,"minecraft:open_chest":20,"minecraft:crouch_one_cm":7363,"minecraft:play_time":30982,"minecraft:deaths":3,"minecraft:sneak_time":1725,"minecraft:walk_under_water_one_cm":4434,"minecraft:jump":650,"minecraft:leave_game":2,"minecraft:walk_on_water_one_cm":690,"minecraft:time_since_death":19379,"minecraft:interact_with_smoker":1,"minecraft:climb_one_cm":977,"minecraft:total_world_time":30982,"minecraft:fall_one_cm":27895},"minecraft:picked_up":{"biomesoplenty:lavender":1,"sophisticatedbackpacks:gold_backpack":1,"artifacts:charm_of_sinking":1,"artifacts:bunny_hoppers":1,"minecraft:torch":1,"minecraft:oak_log":61,"minecraft:redstone":2,"paraglider:goddess_statue":1,"minecraft:string":33,"artifacts:snorkel":1,"artifacts:villager_hat":1,"waystones:waystone":1,"minecraft:iron_ingot":64,"artifacts:pocket_piston":1,"minecraft:gold_ingot":12,"minecraft:bread":64,"sophisticatedbackpacks:smelting_upgrade":1,"minecraft:black_wool":1,"minecraft:mutton":2,"minecraft:white_wool":1,"minecraft:cobblestone":55},"minecraft:mined":{"minecraft:tall_seagrass":1,"minecraft:birch_leaves":4,"minecraft:grass":4,"minecraft:oak_log":61,"minecraft:tall_grass":1,"minecraft:stone":55,"minecraft:oak_leaves":5,"minecraft:wall_torch":1},"minecraft:used":{"minecraft:bread":3,"minecraft:stone_pickaxe":56,"carryon:entity_item":9,"biomesoplenty:lavender":1,"simpletomb:grave_key":1,"minecraft:stone_axe":70,"minecraft:torch":1,"carryon:tile_item":2,"prefab:item_swift_blade_stone":7,"tombstone:gift":2},"minecraft:killed_by":{"minecraft:zombie":1}},"DataVersion":2975}