{"stats":{"minecraft:custom":{"minecraft:time_since_rest":7408,"minecraft:waystone_activated":1,"minecraft:sprint_one_cm":51730,"minecraft:damage_taken":1020,"minecraft:walk_one_cm":31325,"minecraft:damage_dealt":74,"minecraft:swim_one_cm":3103,"minecraft:interact_with_crafting_table":1,"minecraft:fly_one_cm":81496,"minecraft:open_chest":8,"minecraft:crouch_one_cm":2467,"minecraft:play_time":18982,"minecraft:deaths":3,"minecraft:sneak_time":742,"minecraft:walk_under_water_one_cm":4383,"minecraft:jump":454,"minecraft:leave_game":2,"minecraft:walk_on_water_one_cm":639,"minecraft:time_since_death":7379,"minecraft:interact_with_smoker":1,"minecraft:climb_one_cm":977,"minecraft:total_world_time":18982,"minecraft:fall_one_cm":13629},"minecraft:picked_up":{"biomesoplenty:lavender":1,"sophisticatedbackpacks:gold_backpack":1,"artifacts:charm_of_sinking":1,"artifacts:bunny_hoppers":1,"minecraft:torch":1,"minecraft:redstone":2,"paraglider:goddess_statue":1,"minecraft:string":32,"artifacts:snorkel":1,"artifacts:villager_hat":1,"minecraft:iron_ingot":64,"artifacts:pocket_piston":1,"minecraft:gold_ingot":12,"minecraft:bread":64,"sophisticatedbackpacks:smelting_upgrade":1},"minecraft:mined":{"minecraft:tall_seagrass":1,"minecraft:birch_leaves":4,"minecraft:tall_grass":1,"minecraft:wall_torch":1},"minecraft:used":{"minecraft:bread":2,"carryon:entity_item":8,"biomesoplenty:lavender":1,"simpletomb:grave_key":1,"minecraft:torch":1,"carryon:tile_item":1,"tombstone:gift":2},"minecraft:killed_by":{"minecraft:zombie":1}},"DataVersion":2975}