{"stats":{"minecraft:custom":{"minecraft:time_since_rest":6213,"minecraft:crouch_one_cm":84,"minecraft:play_time":8356,"minecraft:sprint_one_cm":31116,"minecraft:walk_one_cm":10637,"minecraft:damage_taken":460,"minecraft:deaths":1,"minecraft:sneak_time":64,"minecraft:walk_under_water_one_cm":268,"minecraft:jump":272,"minecraft:damage_dealt":4,"minecraft:time_since_death":6182,"minecraft:walk_on_water_one_cm":325,"minecraft:total_world_time":8356,"minecraft:swim_one_cm":840,"minecraft:fall_one_cm":6109,"minecraft:fly_one_cm":58167},"minecraft:picked_up":{"biomesoplenty:lavender":1,"sophisticatedbackpacks:gold_backpack":1,"artifacts:snorkel":1,"artifacts:charm_of_sinking":1,"artifacts:villager_hat":1,"artifacts:bunny_hoppers":1,"minecraft:iron_ingot":64,"minecraft:bread":64,"artifacts:pocket_piston":1,"sophisticatedbackpacks:smelting_upgrade":1,"paraglider:goddess_statue":1,"minecraft:string":32},"minecraft:mined":{"minecraft:tall_grass":1,"minecraft:birch_leaves":3},"minecraft:used":{"minecraft:bread":2,"biomesoplenty:lavender":1},"minecraft:killed_by":{"minecraft:zombie":1}},"DataVersion":2975}