{"stats":{"minecraft:killed":{"minecraft:sheep":2,"minecraft:zombie":1,"minecraft:spider":1},"minecraft:crafted":{"minecraft:oak_planks":4,"prefab:item_bundle_of_timber":6,"minecraft:white_wool":5,"minecraft:crafting_table":1,"minecraft:furnace":2,"minecraft:clock":2},"minecraft:custom":{"minecraft:time_since_rest":8074,"minecraft:waystone_activated":2,"minecraft:interact_with_furnace":2,"minecraft:sprint_one_cm":130659,"minecraft:damage_taken":1474,"minecraft:walk_one_cm":62699,"minecraft:mob_kills":4,"minecraft:damage_dealt":592,"minecraft:swim_one_cm":7717,"minecraft:interact_with_crafting_table":2,"minecraft:fly_one_cm":238566,"minecraft:open_chest":20,"minecraft:crouch_one_cm":7363,"minecraft:play_time":42982,"tombstone:undead_killed":1,"minecraft:deaths":4,"minecraft:sneak_time":1727,"minecraft:walk_under_water_one_cm":4434,"minecraft:jump":984,"minecraft:leave_game":2,"minecraft:walk_on_water_one_cm":690,"minecraft:time_since_death":6220,"minecraft:interact_with_smoker":1,"minecraft:climb_one_cm":977,"minecraft:total_world_time":42982,"minecraft:fall_one_cm":45700},"minecraft:picked_up":{"biomesoplenty:lavender":6,"sophisticatedbackpacks:gold_backpack":1,"artifacts:charm_of_sinking":1,"artifacts:bunny_hoppers":1,"minecraft:torch":1,"minecraft:oak_log":61,"minecraft:redstone":2,"minecraft:dirt":1,"paraglider:goddess_statue":1,"minecraft:string":33,"artifacts:snorkel":1,"minecraft:rotten_flesh":2,"biomesoplenty:jacaranda_log":6,"artifacts:villager_hat":1,"waystones:waystone":1,"minecraft:iron_ingot":64,"artifacts:pocket_piston":1,"minecraft:gold_ingot":12,"minecraft:bread":64,"sophisticatedbackpacks:smelting_upgrade":1,"minecraft:black_wool":1,"minecraft:mutton":2,"minecraft:white_wool":1,"minecraft:cobblestone":55},"minecraft:mined":{"minecraft:tall_seagrass":1,"biomesoplenty:jacaranda_log":6,"biomesoplenty:lavender":6,"minecraft:birch_leaves":4,"minecraft:grass":10,"minecraft:oak_log":61,"minecraft:dirt":1,"minecraft:tall_grass":1,"minecraft:stone":55,"minecraft:oak_leaves":5,"minecraft:wall_torch":1},"minecraft:used":{"minecraft:bread":8,"minecraft:stone_pickaxe":56,"carryon:entity_item":9,"biomesoplenty:lavender":6,"simpletomb:grave_key":1,"minecraft:stone_axe":76,"minecraft:torch":1,"carryon:tile_item":2,"prefab:item_swift_blade_stone":17,"minecraft:dirt":1,"minecraft:crafting_table":1,"minecraft:furnace":1,"tombstone:gift":2},"minecraft:killed_by":{"minecraft:creeper":1,"minecraft:zombie":1}},"DataVersion":2975}