{"stats":{"minecraft:killed":{"minecraft:spider":1,"minecraft:sheep":2,"minecraft:zombie":1},"minecraft:crafted":{"minecraft:oak_planks":20,"biomesoplenty:jacaranda_planks":12,"minecraft:crafting_table":2,"minecraft:furnace":2,"minecraft:clock":2,"minecraft:stone":4,"prefab:block_compressed_stone":3,"minecraft:air":0,"prefab:item_bundle_of_timber":6,"minecraft:white_wool":5,"minecraft:charcoal":3,"minecraft:white_bed":2},"minecraft:custom":{"minecraft:interact_with_furnace":5,"minecraft:mob_kills":4,"minecraft:interact_with_crafting_table":5,"minecraft:leave_game":3,"minecraft:time_since_death":2323,"minecraft:climb_one_cm":977,"minecraft:time_since_rest":2352,"minecraft:waystone_activated":2,"minecraft:damage_taken":1801,"minecraft:sprint_one_cm":150361,"minecraft:walk_one_cm":69156,"minecraft:damage_dealt":592,"minecraft:swim_one_cm":7717,"minecraft:fly_one_cm":303896,"minecraft:open_chest":20,"minecraft:crouch_one_cm":7363,"minecraft:play_time":61762,"tombstone:undead_killed":1,"minecraft:deaths":5,"minecraft:sneak_time":1727,"minecraft:walk_under_water_one_cm":4434,"minecraft:jump":1180,"minecraft:walk_on_water_one_cm":690,"minecraft:total_world_time":61762,"minecraft:interact_with_smoker":1,"minecraft:fall_one_cm":49415},"minecraft:picked_up":{"biomesoplenty:lavender":7,"sophisticatedbackpacks:gold_backpack":1,"minecraft:crafting_table":1,"artifacts:bunny_hoppers":1,"minecraft:oak_log":65,"minecraft:cornflower":1,"minecraft:string":33,"paraglider:goddess_statue":1,"minecraft:dirt":14,"minecraft:wheat_seeds":1,"minecraft:iron_ingot":64,"sophisticatedbackpacks:smelting_upgrade":1,"minecraft:furnace":1,"minecraft:stick":2,"minecraft:stone":25,"artifacts:charm_of_sinking":1,"minecraft:torch":1,"minecraft:redstone":2,"artifacts:snorkel":1,"minecraft:rotten_flesh":2,"biomesoplenty:jacaranda_log":6,"artifacts:villager_hat":1,"waystones:waystone":1,"minecraft:bread":64,"minecraft:gold_ingot":12,"artifacts:pocket_piston":1,"minecraft:oak_sapling":1,"minecraft:black_wool":1,"minecraft:mutton":2,"minecraft:white_wool":1,"minecraft:cobblestone":65},"minecraft:mined":{"minecraft:tall_grass":1,"minecraft:wall_torch":1,"minecraft:tall_seagrass":1,"biomesoplenty:jacaranda_log":6,"biomesoplenty:lavender":7,"minecraft:birch_leaves":4,"minecraft:grass":11,"minecraft:oak_log":65,"minecraft:dirt":1,"minecraft:stone":55,"minecraft:oak_leaves":10},"minecraft:used":{"minecraft:stone_pickaxe":56,"biomesoplenty:lavender":6,"simpletomb:grave_key":1,"minecraft:torch":1,"minecraft:dirt":1,"minecraft:crafting_table":2,"minecraft:bread":11,"carryon:entity_item":9,"minecraft:stone_axe":87,"carryon:tile_item":2,"prefab:item_swift_blade_stone":17,"minecraft:furnace":1,"tombstone:gift":2},"minecraft:killed_by":{"minecraft:creeper":2,"minecraft:zombie":1}},"DataVersion":2975}