{"stats":{"minecraft:used":{"minecraft:crafting_table":1,"minecraft:wooden_pickaxe":8},"minecraft:crafted":{"minecraft:crafting_table":1,"minecraft:stick":12,"minecraft:stone_pickaxe":2,"minecraft:wooden_pickaxe":1,"ecologics:walnut_planks":16},"minecraft:dropped":{"minecraft:stone_pickaxe":1},"minecraft:mined":{"ecologics:walnut_log":4,"minecraft:stone":8,"minecraft:birch_leaves":1},"minecraft:picked_up":{"ecologics:walnut_log":4,"minecraft:cobblestone":8},"minecraft:custom":{"minecraft:time_since_rest":5488,"minecraft:play_time":5488,"minecraft:sprint_one_cm":17536,"minecraft:damage_taken":40,"minecraft:walk_one_cm":4402,"minecraft:sneak_time":26,"minecraft:walk_under_water_one_cm":64,"minecraft:drop":1,"minecraft:jump":57,"minecraft:time_since_death":5488,"minecraft:walk_on_water_one_cm":187,"minecraft:total_world_time":5488,"minecraft:swim_one_cm":1053,"minecraft:interact_with_crafting_table":2,"minecraft:fall_one_cm":2960,"minecraft:fly_one_cm":15116}},"DataVersion":2975}