{"stats":{"minecraft:used":{"minecraft:oak_log":1,"easyhammers:stone_hammer":11,"minecraft:stone_pickaxe":3,"minecraft:wooden_pickaxe":11,"easyhammers:stone_log_cutter":11,"minecraft:dirt":4,"minecraft:crafting_table":2},"minecraft:crafted":{"minecraft:crafting_table":1,"prefab:item_swift_blade_stone":1,"minecraft:stick":16,"ecologics:walnut_planks":16,"minecraft:wooden_pickaxe":1,"minecraft:stone_pickaxe":2,"easyhammers:stone_log_cutter":1,"easyhammers:stone_hammer":1,"minecraft:stone_axe":2},"minecraft:dropped":{"minecraft:stone_pickaxe":1,"minecraft:wooden_pickaxe":1},"minecraft:mined":{"minecraft:birch_leaves":1,"minecraft:crafting_table":2,"minecraft:coal_ore":9,"minecraft:grass_block":1,"minecraft:oak_log":6,"minecraft:dirt":3,"ecologics:walnut_log":4,"minecraft:stone":16,"minecraft:oak_leaves":3},"minecraft:picked_up":{"minecraft:crafting_table":2,"ecologics:walnut_log":4,"minecraft:oak_log":11,"minecraft:dirt":4,"minecraft:oak_sapling":2,"minecraft:coal":42,"minecraft:cobblestone":54},"minecraft:custom":{"minecraft:time_since_rest":20,"minecraft:sprint_one_cm":26031,"minecraft:damage_taken":190,"minecraft:walk_one_cm":21614,"minecraft:drop":2,"minecraft:swim_one_cm":1053,"minecraft:interact_with_crafting_table":5,"minecraft:fly_one_cm":33741,"minecraft:play_time":17488,"minecraft:sneak_time":305,"minecraft:walk_under_water_one_cm":23418,"minecraft:jump":148,"minecraft:walk_on_water_one_cm":3450,"minecraft:time_since_death":17488,"minecraft:sleep_in_bed":1,"minecraft:total_world_time":17488,"minecraft:fall_one_cm":6001}},"DataVersion":2975}