{"stats":{"minecraft:used":{"easyhammers:stone_hammer":46,"minecraft:stone_pickaxe":24,"minecraft:shield":14,"minecraft:wooden_pickaxe":11,"biomesoplenty:lavender":2,"minecraft:cooked_salmon":4,"minecraft:stone_hoe":6,"minecraft:rotten_flesh":1,"minecraft:torch":1,"minecraft:dirt":7,"minecraft:mutton":2,"minecraft:crafting_table":7,"minecraft:carrot":3,"waystones:waystone":1,"minecraft:oak_log":1,"minecraft:iron_axe":30,"easyhammers:stone_log_cutter":14,"prefab:item_swift_blade_stone":36,"minecraft:cobblestone":56,"minecraft:furnace":5,"biomesoplenty:spanish_moss":1,"minecraft:cooked_beef":3,"minecraft:potato":3},"minecraft:killed":{"minecraft:witch":1,"minecraft:salmon":5,"minecraft:sheep":2,"minecraft:skeleton":2,"minecraft:zombie":2,"ars_nouveau:wilden_stalker":4,"minecraft:drowned":1,"minecraft:cow":9},"minecraft:crafted":{"minecraft:cooked_beef":14,"paraglider:paraglider":1,"minecraft:oak_planks":12,"minecraft:crafting_table":1,"prefab:item_swift_blade_stone":1,"easyhammers:stone_log_cutter":1,"minecraft:wooden_pickaxe":1,"ecologics:walnut_planks":16,"minecraft:furnace":2,"minecraft:cooked_salmon":4,"minecraft:stone_axe":2,"minecraft:bread":18,"minecraft:air":0,"minecraft:leather":2,"minecraft:shield":1,"minecraft:iron_axe":1,"minecraft:stick":28,"minecraft:iron_ingot":12,"minecraft:stone_pickaxe":2,"easyhammers:stone_hammer":1,"minecraft:torch":4,"minecraft:stone_hoe":1,"minecraft:wheat":54},"minecraft:dropped":{"minecraft:gravel":1,"easyhammers:stone_log_cutter":1,"minecraft:lilac":1,"minecraft:light_gray_wool":1,"minecraft:granite":1,"prefab:item_swift_blade_stone":1,"minecraft:diorite":1,"minecraft:leather_leggings":1,"minecraft:stone_pickaxe":1,"minecraft:wooden_pickaxe":1,"minecraft:white_wool":1},"minecraft:custom":{"minecraft:interact_with_furnace":24,"minecraft:mob_kills":26,"tombstone:raider_killed":1,"minecraft:interact_with_crafting_table":15,"minecraft:time_since_death":53488,"minecraft:sleep_in_bed":1,"minecraft:climb_one_cm":2729,"minecraft:waystone_activated":1,"minecraft:time_since_rest":36020,"minecraft:sprint_one_cm":110078,"minecraft:damage_taken":405,"minecraft:walk_one_cm":73041,"minecraft:damage_blocked_by_shield":250,"minecraft:drop":11,"minecraft:damage_dealt":2806,"minecraft:swim_one_cm":7437,"minecraft:fly_one_cm":229994,"minecraft:open_chest":11,"minecraft:crouch_one_cm":347,"minecraft:play_time":53488,"tombstone:undead_killed":5,"minecraft:sneak_time":408,"minecraft:walk_under_water_one_cm":36247,"minecraft:jump":949,"minecraft:walk_on_water_one_cm":13474,"minecraft:total_world_time":53488,"minecraft:fall_one_cm":21938},"minecraft:mined":{"biomesoplenty:spanish_moss":1,"minecraft:spruce_planks":2,"minecraft:crafting_table":6,"biomesoplenty:bush":3,"minecraft:grass_block":2,"minecraft:cobblestone":2,"minecraft:diorite":1,"minecraft:wall_torch":1,"minecraft:hay_block":6,"minecraft:furnace":5,"biomesoplenty:spanish_moss_plant":1,"minecraft:iron_ore":9,"biomesoplenty:lavender":3,"minecraft:lilac":2,"minecraft:birch_leaves":1,"minecraft:grass":1,"minecraft:vine":1,"minecraft:oak_log":6,"minecraft:coal_ore":9,"minecraft:dirt":3,"minecraft:gravel":1,"ecologics:walnut_log":4,"minecraft:stone":45,"paraglider:goddess_statue":2,"farmersdelight:wild_potatoes":11,"minecraft:oak_leaves":14},"minecraft:picked_up":{"biomesoplenty:lavender":2,"minecraft:crafting_table":6,"minecraft:lilac":2,"minecraft:salmon":4,"minecraft:leather":10,"minecraft:potato":11,"ars_nouveau:wilden_wing":2,"minecraft:oak_log":11,"paraglider:goddess_statue":2,"minecraft:dirt":5,"minecraft:bone":1,"biomesoplenty:spanish_moss":1,"minecraft:iron_ingot":1,"minecraft:beef":23,"minecraft:light_gray_wool":1,"minecraft:furnace":5,"minecraft:raw_iron":18,"ecologics:walnut_log":4,"minecraft:torch":1,"minecraft:gravel":1,"easyhammers:stone_log_cutter":1,"minecraft:diorite":2,"minecraft:arrow":2,"minecraft:rotten_flesh":3,"waystones:waystone":2,"minecraft:hay_block":6,"minecraft:granite":1,"minecraft:oak_sapling":2,"minecraft:mutton":2,"minecraft:coal":121,"minecraft:white_wool":1,"minecraft:cobblestone":229}},"DataVersion":2975}