{"stats":{"minecraft:used":{"minecraft:moss_carpet":1,"easyhammers:stone_hammer":46,"minecraft:stone_pickaxe":28,"minecraft:shield":16,"minecraft:wooden_pickaxe":11,"biomesoplenty:lavender":2,"minecraft:cooked_salmon":4,"minecraft:stone_hoe":21,"minecraft:rotten_flesh":1,"minecraft:torch":1,"minecraft:dirt":7,"minecraft:mutton":2,"minecraft:crafting_table":8,"tombstone:scroll_of_aquatic_life":1,"minecraft:carrot":3,"waystones:waystone":1,"minecraft:oak_log":1,"minecraft:bread":1,"minecraft:iron_axe":37,"easyhammers:stone_log_cutter":14,"prefab:item_swift_blade_stone":36,"minecraft:cobblestone":81,"minecraft:furnace":5,"minecraft:cooked_porkchop":1,"farmersdelight:cooked_mutton_chops":1,"biomesoplenty:spanish_moss":1,"minecraft:cooked_beef":3,"minecraft:potato":3},"minecraft:killed":{"minecraft:witch":1,"minecraft:salmon":5,"minecraft:sheep":2,"minecraft:skeleton":3,"minecraft:zombie":3,"ars_nouveau:wilden_stalker":4,"minecraft:drowned":1,"minecraft:cow":9},"minecraft:crafted":{"minecraft:cooked_beef":23,"paraglider:paraglider":1,"minecraft:oak_planks":16,"farmersdelight:cooked_mutton_chops":6,"minecraft:cooked_porkchop":1,"minecraft:crafting_table":2,"prefab:item_swift_blade_stone":1,"easyhammers:stone_log_cutter":1,"minecraft:wooden_pickaxe":1,"ecologics:walnut_planks":16,"minecraft:furnace":2,"minecraft:cooked_salmon":4,"minecraft:stone_axe":2,"minecraft:bread":27,"minecraft:air":0,"minecraft:leather":2,"minecraft:shield":1,"minecraft:iron_axe":1,"minecraft:stick":28,"minecraft:iron_ingot":12,"minecraft:stone_pickaxe":2,"easyhammers:stone_hammer":1,"minecraft:torch":4,"minecraft:stone_hoe":1,"minecraft:wheat":81},"minecraft:dropped":{"minecraft:gravel":1,"easyhammers:stone_log_cutter":1,"minecraft:lilac":1,"minecraft:light_gray_wool":1,"minecraft:granite":1,"minecraft:stick":2,"prefab:item_swift_blade_stone":1,"minecraft:diorite":1,"minecraft:leather_boots":1,"minecraft:leather_leggings":1,"minecraft:bow":1,"minecraft:stone_pickaxe":1,"minecraft:wooden_pickaxe":1,"minecraft:egg":1,"minecraft:white_wool":1,"minecraft:bone":1},"minecraft:killed_by":{"minecraft:creeper":1},"minecraft:custom":{"minecraft:interact_with_furnace":24,"minecraft:mob_kills":29,"tombstone:raider_killed":1,"minecraft:interact_with_crafting_table":17,"minecraft:time_since_death":1008,"minecraft:sleep_in_bed":1,"minecraft:climb_one_cm":2729,"minecraft:waystone_activated":1,"minecraft:time_since_rest":1038,"minecraft:sprint_one_cm":144064,"minecraft:damage_taken":800,"minecraft:walk_one_cm":89385,"minecraft:damage_blocked_by_shield":310,"minecraft:drop":16,"minecraft:damage_dealt":3476,"minecraft:swim_one_cm":36094,"minecraft:fly_one_cm":280228,"minecraft:open_chest":24,"minecraft:deaths":1,"minecraft:crouch_one_cm":350,"minecraft:play_time":65488,"tombstone:undead_killed":7,"minecraft:sneak_time":454,"minecraft:walk_under_water_one_cm":37503,"minecraft:jump":1207,"minecraft:interact_with_smoker":10,"minecraft:walk_on_water_one_cm":18487,"minecraft:total_world_time":65488,"minecraft:fall_one_cm":26272,"minecraft:horse_one_cm":509},"minecraft:mined":{"biomesoplenty:spanish_moss":1,"minecraft:spruce_planks":2,"minecraft:smoker":1,"minecraft:crafting_table":7,"biomesoplenty:bush":3,"minecraft:blast_furnace":2,"minecraft:grass_block":3,"minecraft:cobblestone":2,"minecraft:moss_block":1,"minecraft:diorite":1,"minecraft:wall_torch":1,"minecraft:large_fern":1,"minecraft:hay_block":18,"minecraft:furnace":5,"biomesoplenty:spanish_moss_plant":1,"minecraft:iron_ore":9,"biomesoplenty:lavender":3,"minecraft:lilac":2,"minecraft:birch_leaves":1,"minecraft:moss_carpet":1,"minecraft:grass":1,"minecraft:vine":1,"minecraft:oak_log":6,"minecraft:coal_ore":9,"minecraft:dirt":4,"minecraft:gravel":1,"ecologics:walnut_log":4,"minecraft:stone":45,"paraglider:goddess_statue":2,"farmersdelight:wild_potatoes":11,"minecraft:oak_leaves":14},"minecraft:picked_up":{"biomesoplenty:lavender":2,"minecraft:crafting_table":7,"minecraft:lilac":2,"minecraft:salmon":4,"minecraft:leather":10,"minecraft:smoker":1,"minecraft:potato":11,"ars_nouveau:wilden_wing":2,"minecraft:oak_log":11,"minecraft:moss_carpet":1,"paraglider:goddess_statue":2,"minecraft:dirt":6,"minecraft:leather_boots":2,"minecraft:bone":2,"biomesoplenty:spanish_moss":1,"minecraft:bow":1,"minecraft:iron_ingot":1,"minecraft:beef":23,"minecraft:light_gray_wool":1,"minecraft:egg":2,"minecraft:furnace":5,"minecraft:raw_iron":18,"ecologics:walnut_log":4,"minecraft:torch":1,"minecraft:gravel":1,"easyhammers:stone_log_cutter":1,"minecraft:blast_furnace":2,"minecraft:diorite":2,"minecraft:arrow":4,"minecraft:rotten_flesh":5,"waystones:waystone":2,"minecraft:hay_block":18,"minecraft:granite":1,"minecraft:oak_sapling":2,"minecraft:mutton":2,"minecraft:coal":121,"minecraft:white_wool":1,"minecraft:cobblestone":229}},"DataVersion":2975}