{"stats":{"minecraft:killed":{"minecraft:witch":1,"minecraft:spider":1,"minecraft:skeleton":3,"minecraft:drowned":5,"minecraft:salmon":5,"minecraft:sheep":2,"minecraft:zombie":3,"ars_nouveau:wilden_stalker":5,"minecraft:cow":12},"minecraft:picked_up":{"minecraft:crafting_table":9,"paraglider:goddess_statue":3,"minecraft:moss_carpet":1,"biomesoplenty:spanish_moss":1,"minecraft:beef":28,"minecraft:oak_boat":1,"minecraft:light_gray_wool":1,"minecraft:egg":3,"minecraft:furnace":5,"minecraft:raw_iron":24,"minecraft:jukebox":1,"minecraft:oak_door":2,"ecologics:walnut_log":4,"ecologics:coconut_slice":2,"minecraft:torch":1,"easyhammers:stone_log_cutter":1,"minecraft:diorite":2,"minecraft:carrot":3,"minecraft:cactus":2,"minecraft:rotten_flesh":7,"minecraft:arrow":4,"minecraft:hay_block":66,"paraglider:horned_statue":1,"minecraft:mutton":2,"minecraft:cobblestone":247,"minecraft:white_wool":1,"biomesoplenty:lavender":2,"minecraft:magma_block":2,"minecraft:lilac":2,"minecraft:salmon":4,"minecraft:cut_sandstone":1,"minecraft:leather":14,"minecraft:smoker":1,"minecraft:potato":11,"minecraft:filled_map":1,"ars_nouveau:wilden_wing":2,"waystones:sandy_waystone":1,"minecraft:oak_log":11,"minecraft:dirt":13,"minecraft:leather_boots":2,"minecraft:bone":2,"minecraft:bow":1,"minecraft:iron_ingot":1,"ecologics:prickly_pear":4,"minecraft:gravel":1,"minecraft:sand":125,"minecraft:blast_furnace":2,"waystones:waystone":4,"minecraft:granite":1,"biomesoplenty:mud_ball":84,"minecraft:oak_sapling":3,"minecraft:coal":123},"minecraft:mined":{"biomesoplenty:spanish_moss":1,"minecraft:spruce_planks":2,"biomesoplenty:bush":3,"minecraft:grass_block":3,"minecraft:moss_block":1,"ecologics:prickly_pear":1,"minecraft:large_fern":1,"minecraft:tall_seagrass":2,"minecraft:hay_block":66,"minecraft:magma_block":3,"minecraft:furnace":5,"minecraft:carrots":3,"minecraft:iron_ore":11,"minecraft:chiseled_sandstone":2,"biomesoplenty:lavender":3,"minecraft:moss_carpet":1,"minecraft:vine":1,"ecologics:walnut_log":4,"minecraft:stone":46,"farmersdelight:wild_potatoes":11,"minecraft:cut_sandstone":2,"minecraft:smoker":1,"minecraft:crafting_table":9,"minecraft:blast_furnace":2,"minecraft:white_stained_glass_pane":2,"minecraft:cobblestone":2,"minecraft:diorite":1,"minecraft:wall_torch":1,"biomesoplenty:spanish_moss_plant":1,"paraglider:horned_statue":1,"minecraft:lilac":2,"minecraft:jukebox":1,"minecraft:birch_leaves":1,"biomesoplenty:mud":8,"minecraft:grass":1,"minecraft:oak_log":6,"minecraft:coal_ore":11,"minecraft:gravel":1,"minecraft:sand":49,"minecraft:dirt":7,"minecraft:oak_leaves":15,"paraglider:goddess_statue":3},"minecraft:dropped":{"minecraft:lilac":1,"biomesoplenty:mud_ball":84,"minecraft:granite":1,"minecraft:stick":2,"minecraft:dirt":7,"prefab:item_swift_blade_stone":1,"minecraft:diorite":1,"minecraft:sand":124,"minecraft:white_wool":1,"ars_nouveau:caster_tome":1,"minecraft:bone":1,"minecraft:gravel":1,"easyhammers:stone_log_cutter":1,"minecraft:raw_iron":6,"minecraft:rotten_flesh":4,"minecraft:light_gray_wool":1,"ecologics:prickly_pear":3,"minecraft:filled_map":2,"minecraft:leather_boots":1,"minecraft:oak_sapling":1,"minecraft:leather_leggings":1,"minecraft:wooden_pickaxe":1,"minecraft:arrow":2,"minecraft:bow":1,"minecraft:stone_pickaxe":1,"minecraft:egg":2},"minecraft:broken":{"minecraft:leather_boots":1},"minecraft:crafted":{"minecraft:oak_door":3,"minecraft:oak_planks":32,"minecraft:stone_shovel":3,"ecologics:walnut_planks":16,"easyhammers:stone_multi_spade":1,"minecraft:furnace":2,"minecraft:leather":2,"minecraft:iron_axe":1,"tombstone:grave_key":1,"minecraft:stone_pickaxe":2,"minecraft:stone_hoe":1,"minecraft:wheat":162,"minecraft:cooked_beef":28,"paraglider:paraglider":1,"farmersdelight:cooked_mutton_chops":6,"minecraft:cooked_porkchop":1,"minecraft:crafting_table":2,"prefab:item_swift_blade_stone":1,"minecraft:wooden_pickaxe":1,"easyhammers:stone_log_cutter":1,"minecraft:cooked_salmon":4,"minecraft:stone_axe":2,"minecraft:bread":54,"minecraft:air":0,"minecraft:oak_boat":1,"minecraft:shield":1,"minecraft:stick":36,"minecraft:iron_ingot":17,"easyhammers:stone_hammer":1,"minecraft:torch":4},"minecraft:killed_by":{"minecraft:creeper":1},"minecraft:custom":{"minecraft:mob_kills":39,"minecraft:interact_with_crafting_table":22,"minecraft:leave_game":2,"minecraft:time_since_death":56574,"minecraft:climb_one_cm":5695,"minecraft:sprint_one_cm":254455,"minecraft:walk_one_cm":136708,"minecraft:damage_blocked_by_shield":310,"minecraft:drop":47,"minecraft:play_time":121054,"minecraft:deaths":1,"minecraft:sneak_time":2882,"minecraft:walk_under_water_one_cm":55983,"minecraft:boat_one_cm":268862,"minecraft:jump":2088,"minecraft:interact_with_blast_furnace":7,"minecraft:walk_on_water_one_cm":24190,"minecraft:total_world_time":121054,"minecraft:interact_with_furnace":27,"tombstone:raider_killed":1,"minecraft:sleep_in_bed":3,"minecraft:time_since_rest":18013,"minecraft:waystone_activated":3,"minecraft:damage_taken":1700,"minecraft:damage_dealt":4615,"minecraft:swim_one_cm":115756,"minecraft:fly_one_cm":496608,"minecraft:open_chest":65,"minecraft:crouch_one_cm":712,"tombstone:undead_killed":11,"minecraft:interact_with_smoker":14,"minecraft:fall_one_cm":41668,"minecraft:horse_one_cm":509},"minecraft:used":{"minecraft:moss_carpet":1,"minecraft:shield":16,"minecraft:cooked_salmon":4,"minecraft:stone_hoe":73,"minecraft:rotten_flesh":1,"minecraft:oak_door":5,"minecraft:torch":1,"paraglider:goddess_statue":1,"minecraft:dirt":7,"minecraft:mutton":2,"tombstone:scroll_of_aquatic_life":1,"minecraft:carrot":3,"ecologics:prickly_pear":1,"paraglider:horned_statue":1,"minecraft:iron_axe":57,"easyhammers:stone_log_cutter":14,"prefab:item_swift_blade_stone":36,"minecraft:magma_block":2,"minecraft:furnace":7,"farmersdelight:cooked_mutton_chops":6,"biomesoplenty:spanish_moss":1,"minecraft:cooked_beef":3,"minecraft:potato":18,"minecraft:golden_boots":1,"easyhammers:stone_hammer":50,"minecraft:stone_pickaxe":47,"minecraft:cactus":2,"minecraft:wooden_pickaxe":11,"biomesoplenty:lavender":2,"minecraft:crafting_table":11,"minecraft:blast_furnace":2,"minecraft:smoker":1,"minecraft:oak_log":1,"waystones:waystone":2,"minecraft:bread":14,"tombstone:grave_key":1,"ecologics:coconut_slice":2,"minecraft:cobblestone":83,"minecraft:cooked_porkchop":1,"minecraft:oak_boat":2,"easyhammers:stone_multi_spade":55}},"DataVersion":2975}