{"stats":{"minecraft:killed":{"minecraft:cave_spider":4,"minecraft:witch":2,"minecraft:spider":3,"minecraft:skeleton":9,"artifacts:mimic":13,"minecraft:salmon":5,"minecraft:creeper":1,"minecraft:sheep":2,"minecraft:zombie":50,"minecraft:cow":14,"ars_nouveau:summon_wolf":2,"minecraft:drowned":14,"ars_nouveau:wilden_stalker":8,"ars_nouveau:whirlisprig":1,"ars_nouveau:wilden_hunter":3},"minecraft:broken":{"minecraft:leather_helmet":1,"easyhammers:golden_hammer":3,"minecraft:leather_boots":1,"minecraft:iron_helmet":1},"minecraft:dropped":{"sophisticatedbackpacks:gold_backpack":1,"minecraft:emerald":26,"minecraft:dirt":32,"prefab:item_swift_blade_stone":1,"minecraft:cut_sandstone":2,"artifacts:charm_of_sinking":1,"minecraft:gold_nugget":3,"minecraft:sand":158,"minecraft:white_wool":1,"ars_nouveau:wilden_horn":1,"minecraft:gold_ingot":14,"minecraft:bone":1,"minecraft:gravel":1,"minecraft:lever":1,"easyhammers:stone_log_cutter":2,"minecraft:iron_nugget":1,"minecraft:cobbled_deepslate":1011,"paraglider:goddess_statue":1,"minecraft:rotten_flesh":7,"artifacts:villager_hat":1,"minecraft:oak_planks":2,"ecologics:prickly_pear":3,"sophisticatedbackpacks:smelting_upgrade":1,"minecraft:chiseled_stone_bricks":1,"ars_nouveau:ritual_warping":1,"minecraft:gunpowder":1,"minecraft:leather_boots":2,"minecraft:leather_leggings":1,"minecraft:arrow":4,"minecraft:egg":2,"minecraft:bread":64,"minecraft:golden_boots":1,"minecraft:iron_ingot":96,"minecraft:lilac":1,"minecraft:mossy_cobblestone":6,"evilcraft:condensed_blood":4,"easyhammers:stone_hammer":1,"minecraft:cobblestone":64,"biomesoplenty:mud_ball":84,"minecraft:granite":1,"minecraft:copper_ingot":1,"minecraft:coal":11,"minecraft:stick":2,"minecraft:polished_andesite":2,"artifacts:snorkel":1,"minecraft:diorite":1,"mekanism:raw_uranium":4,"minecraft:iron_leggings":1,"minecraft:string":32,"artifacts:bunny_hoppers":1,"ars_nouveau:caster_tome":1,"minecraft:redstone":4,"minecraft:kelp":3,"minecraft:smooth_stone_slab":2,"minecraft:tuff":295,"minecraft:raw_iron":6,"minecraft:light_gray_wool":1,"minecraft:iron_boots":2,"minecraft:filled_map":4,"minecraft:diamond_sword":1,"minecraft:hay_block":1,"minecraft:iron_chestplate":1,"artifacts:pocket_piston":1,"minecraft:golden_leggings":1,"minecraft:oak_sapling":1,"minecraft:spider_eye":2,"minecraft:bow":2,"minecraft:stone_pickaxe":3,"minecraft:wooden_pickaxe":1,"minecraft:magma_block":1,"easyhammers:stone_multi_spade":1},"minecraft:custom":{"minecraft:interact_with_crafting_table":43,"minecraft:open_barrel":55,"goblintraders:trade_with_goblin":8,"minecraft:leave_game":8,"minecraft:time_since_death":71724,"minecraft:sprint_one_cm":710899,"minecraft:damage_blocked_by_shield":1360,"minecraft:drop":167,"minecraft:play_time":339579,"minecraft:deaths":6,"minecraft:jump":5104,"minecraft:walk_on_water_one_cm":43012,"minecraft:interact_with_furnace":30,"minecraft:sleep_in_bed":5,"minecraft:waystone_activated":8,"minecraft:damage_dealt":27222,"minecraft:crouch_one_cm":5244,"tombstone:undead_killed":73,"minecraft:interact_with_smoker":19,"minecraft:horse_one_cm":509,"minecraft:mob_kills":139,"minecraft:damage_dealt_resisted":50,"minecraft:climb_one_cm":10828,"minecraft:walk_one_cm":496565,"minecraft:sneak_time":6756,"minecraft:walk_under_water_one_cm":94718,"minecraft:boat_one_cm":465647,"minecraft:interact_with_blast_furnace":16,"minecraft:total_world_time":339579,"tombstone:raider_killed":2,"minecraft:time_since_rest":3601,"minecraft:damage_taken":7400,"minecraft:swim_one_cm":236533,"minecraft:fly_one_cm":1316108,"minecraft:open_chest":194,"minecraft:fall_one_cm":205570},"minecraft:picked_up":{"mekanism:raw_uranium":12,"artifacts:bunny_hoppers":1,"minecraft:diamond_sword":1,"paraglider:goddess_statue":7,"minecraft:string":74,"minecraft:raw_copper":46,"minecraft:smooth_stone_slab":2,"minecraft:gold_nugget":13,"minecraft:cobbled_deepslate":3295,"minecraft:furnace":6,"minecraft:stick":1,"minecraft:jukebox":1,"ecologics:walnut_log":4,"minecraft:torch":5,"tombstone:grave_dust":12,"minecraft:diorite":18,"mekanism:raw_tin":6,"ae2:sky_stone_block":47,"minecraft:cactus":2,"minecraft:rotten_flesh":68,"artifacts:villager_hat":1,"ae2:fluix_block":6,"evilcraft:condensed_blood":4,"minecraft:cobblestone":735,"biomesoplenty:lavender":3,"minecraft:magma_block":6,"minecraft:lilac":2,"minecraft:andesite":107,"minecraft:smoker":1,"minecraft:potato":12,"paraglider:spirit_orb":18,"minecraft:flint":1,"minecraft:tuff":549,"artifacts:flippers":1,"minecraft:dirt":38,"minecraft:leather_boots":3,"minecraft:bone":8,"minecraft:bow":2,"minecraft:raw_gold":6,"artifacts:antidote_vessel":1,"minecraft:oak_planks":9,"biomesoplenty:magic_sapling":1,"ecologics:prickly_pear":4,"minecraft:sand":173,"ars_nouveau:wilden_horn":2,"minecraft:mossy_cobblestone":10,"minecraft:bundle":1,"minecraft:polished_andesite":2,"minecraft:light_blue_terracotta":1,"minecraft:diamond":38,"minecraft:lever":1,"waystones:waystone":6,"minecraft:granite":1,"minecraft:emerald":26,"minecraft:oak_sapling":3,"minecraft:crafting_table":13,"minecraft:clay_ball":36,"minecraft:leather_leggings":1,"minecraft:shield":1,"minecraft:moss_carpet":1,"artifacts:power_glove":1,"artifacts:fire_gauntlet":1,"biomesoplenty:spanish_moss":1,"paraglider:rito_goddess_statue":1,"minecraft:beef":32,"minecraft:oak_boat":4,"minecraft:iron_nugget":1,"minecraft:poppy":1,"minecraft:light_gray_wool":1,"minecraft:egg":3,"minecraft:raw_iron":231,"minecraft:oak_door":2,"ecologics:coconut_slice":2,"artifacts:charm_of_sinking":1,"minecraft:copper_ingot":1,"easyhammers:stone_log_cutter":1,"minecraft:carrot":3,"minecraft:redstone":36,"ae2:sky_stone_chest":1,"artifacts:snorkel":2,"minecraft:arrow":10,"ae2:certus_quartz_dust":54,"minecraft:hay_block":66,"artifacts:pocket_piston":1,"minecraft:gold_ingot":2,"paraglider:horned_statue":1,"minecraft:mutton":2,"minecraft:white_wool":1,"minecraft:glow_ink_sac":3,"artifacts:digging_claws":1,"mekanism:raw_lead":5,"minecraft:salmon":4,"minecraft:cut_sandstone":3,"minecraft:leather":16,"minecraft:filled_map":1,"ars_nouveau:wilden_wing":4,"waystones:sandy_waystone":4,"minecraft:oak_log":22,"artifacts:superstitious_hat":1,"minecraft:gunpowder":4,"artifacts:cloud_in_a_bottle":1,"minecraft:kelp":3,"minecraft:iron_ingot":45,"minecraft:stone_pickaxe":1,"biomesoplenty:magic_log":9,"artifacts:steadfast_spikes":1,"minecraft:chiseled_stone_bricks":1,"minecraft:raw_iron_block":2,"minecraft:gravel":3,"minecraft:blast_furnace":3,"minecraft:spruce_log":5,"mekanism:raw_osmium":9,"minecraft:spider_eye":4,"evilcraft:dark_gem":22,"biomesoplenty:mud_ball":84,"tombstone:magic_scroll":1,"minecraft:coal":170},"minecraft:crafted":{"minecraft:oak_planks":48,"ecologics:walnut_planks":16,"easyhammers:stone_multi_spade":1,"sophisticatedbackpacks:crafting_upgrade":1,"easyhammers:iron_multi_spade":1,"sophisticatedbackpacks:smelting_upgrade":1,"minecraft:iron_boots":2,"tombstone:grave_key":5,"minecraft:chest":2,"minecraft:stone_hoe":1,"sophisticatedbackpacks:backpack":1,"minecraft:emerald":8,"minecraft:cooked_porkchop":1,"minecraft:crafting_table":5,"minecraft:spruce_planks":20,"minecraft:wooden_pickaxe":1,"minecraft:iron_helmet":2,"easyhammers:stone_log_cutter":1,"sophisticatedbackpacks:upgrade_base":3,"minecraft:iron_chestplate":2,"minecraft:shield":1,"easyhammers:golden_hammer":1,"sophisticatedbackpacks:diamond_backpack":1,"minecraft:stick":40,"minecraft:iron_ingot":29,"sophisticatedbackpacks:blasting_upgrade":1,"easyhammers:stone_hammer":1,"minecraft:oak_door":3,"minecraft:raw_iron":18,"easyhammers:iron_hammer":1,"minecraft:stone_shovel":3,"minecraft:furnace":3,"minecraft:leather":2,"minecraft:iron_axe":2,"easyhammers:diamond_hammer":1,"minecraft:stone_pickaxe":2,"minecraft:wheat":162,"sophisticatedbackpacks:iron_backpack":1,"minecraft:cooked_beef":28,"paraglider:paraglider":1,"farmersdelight:cooked_mutton_chops":6,"prefab:item_swift_blade_stone":1,"minecraft:cooked_salmon":4,"sophisticatedbackpacks:gold_backpack":2,"minecraft:bucket":1,"minecraft:stone_axe":2,"minecraft:bread":54,"minecraft:air":0,"minecraft:oak_boat":1,"minecraft:iron_shovel":3,"minecraft:iron_leggings":1,"minecraft:torch":16},"minecraft:mined":{"biomesoplenty:spanish_moss":1,"minecraft:spruce_planks":2,"paraglider:rito_goddess_statue":1,"minecraft:granite":8,"minecraft:grass_block":4,"minecraft:chiseled_stone_bricks":1,"ecologics:prickly_pear":1,"minecraft:spawner":9,"minecraft:tall_seagrass":3,"minecraft:magma_block":7,"minecraft:raw_iron_block":2,"minecraft:iron_ore":14,"minecraft:cobbled_deepslate":1,"minecraft:barrel":1,"biomesoplenty:lavender":3,"minecraft:moss_carpet":1,"ecologics:walnut_log":4,"farmersdelight:wild_potatoes":11,"ae2:fluix_block":2,"minecraft:deepslate_redstone_ore":1,"minecraft:cut_sandstone":6,"ecologics:pot":6,"ae2:sky_stone_chest":1,"minecraft:smoker":1,"minecraft:clay":9,"minecraft:torch":1,"minecraft:blast_furnace":3,"minecraft:white_stained_glass_pane":2,"mekanism:tin_ore":2,"minecraft:cobblestone":15,"minecraft:oak_planks":1,"minecraft:wall_torch":3,"minecraft:deepslate_copper_ore":1,"minecraft:seagrass":2,"minecraft:light_blue_terracotta":1,"biomesoplenty:magic_leaves":11,"biomesoplenty:spanish_moss_plant":1,"evilcraft:dark_ore_deepslate":3,"paraglider:horned_statue":1,"minecraft:lilac":2,"minecraft:jukebox":1,"minecraft:potted_poppy":1,"minecraft:smooth_stone_slab":2,"biomesoplenty:mud":8,"minecraft:grass":1,"mekanism:deepslate_tin_ore":3,"minecraft:oak_log":17,"mekanism:lead_ore":1,"minecraft:sand":68,"minecraft:dirt":15,"minecraft:oak_leaves":15,"minecraft:deepslate":429,"minecraft:tuff":60,"minecraft:mossy_cobblestone":5,"minecraft:deepslate_diamond_ore":14,"biomesoplenty:bush":3,"minecraft:moss_block":1,"minecraft:large_fern":1,"minecraft:hay_block":66,"minecraft:furnace":6,"minecraft:carrots":3,"minecraft:chiseled_sandstone":3,"minecraft:andesite":20,"biomesoplenty:magic_log":9,"minecraft:deepslate_iron_ore":48,"minecraft:vine":1,"ae2:sky_stone_block":3,"minecraft:stone":151,"mekanism:deepslate_lead_ore":3,"minecraft:glass_pane":2,"minecraft:crafting_table":13,"minecraft:copper_ore":3,"minecraft:diorite":5,"minecraft:spruce_log":3,"minecraft:birch_leaves":1,"minecraft:coal_ore":24,"minecraft:gravel":3,"minecraft:cobweb":66,"ae2:deepslate_quartz_ore":1,"paraglider:goddess_statue":7},"minecraft:used":{"minecraft:moss_carpet":1,"minecraft:shield":49,"minecraft:rotten_flesh":1,"paraglider:goddess_statue":4,"minecraft:mutton":2,"minecraft:carrot":3,"minecraft:acacia_sapling":1,"ecologics:prickly_pear":1,"minecraft:tuff":10,"minecraft:magma_block":5,"minecraft:furnace":8,"minecraft:potato":18,"minecraft:golden_boots":1,"easyhammers:stone_hammer":59,"minecraft:oak_planks":1,"minecraft:stone_pickaxe":97,"minecraft:cactus":2,"minecraft:wooden_pickaxe":11,"biomesoplenty:lavender":3,"minecraft:sand":2,"minecraft:blast_furnace":2,"waystones:waystone":4,"minecraft:bread":88,"tombstone:grave_key":6,"ecologics:coconut_slice":2,"minecraft:diamond_sword":296,"minecraft:oak_boat":4,"easyhammers:stone_multi_spade":72,"minecraft:experience_bottle":2,"waystones:sandy_waystone":2,"minecraft:cooked_salmon":4,"minecraft:stone_hoe":73,"minecraft:oak_door":5,"minecraft:torch":52,"minecraft:dirt":7,"tombstone:scroll_of_aquatic_life":1,"easyhammers:golden_hammer":95,"paraglider:horned_statue":1,"minecraft:iron_axe":180,"minecraft:iron_boots":1,"easyhammers:stone_log_cutter":17,"prefab:item_swift_blade_stone":36,"biomesoplenty:spanish_moss":1,"tombstone:gift":5,"farmersdelight:cooked_mutton_chops":6,"minecraft:cooked_beef":3,"minecraft:cobbled_deepslate":82,"minecraft:iron_leggings":1,"minecraft:water_bucket":130,"minecraft:crafting_table":17,"easyhammers:iron_multi_spade":9,"minecraft:smoker":1,"minecraft:oak_log":1,"easyhammers:diamond_hammer":414,"easyhammers:iron_hammer":238,"minecraft:cobblestone":153,"minecraft:cooked_porkchop":1,"minecraft:bucket":131},"minecraft:killed_by":{"minecraft:creeper":3,"minecraft:zombie":2}},"DataVersion":2975}