{"stats":{"minecraft:used":{"easyhammers:stone_hammer":18,"minecraft:stone_pickaxe":6,"minecraft:wooden_pickaxe":11,"biomesoplenty:lavender":2,"minecraft:cooked_salmon":4,"minecraft:rotten_flesh":1,"minecraft:dirt":7,"minecraft:mutton":2,"minecraft:crafting_table":4,"minecraft:carrot":3,"minecraft:oak_log":1,"easyhammers:stone_log_cutter":14,"prefab:item_swift_blade_stone":30,"minecraft:furnace":1,"minecraft:potato":3},"minecraft:killed":{"minecraft:salmon":5,"minecraft:sheep":2,"minecraft:zombie":1,"minecraft:drowned":1,"minecraft:cow":4},"minecraft:crafted":{"paraglider:paraglider":1,"minecraft:oak_planks":4,"minecraft:crafting_table":1,"prefab:item_swift_blade_stone":1,"easyhammers:stone_log_cutter":1,"minecraft:wooden_pickaxe":1,"ecologics:walnut_planks":16,"minecraft:furnace":1,"minecraft:cooked_salmon":4,"minecraft:stone_axe":2,"minecraft:air":0,"minecraft:stick":24,"minecraft:stone_pickaxe":2,"easyhammers:stone_hammer":1},"minecraft:dropped":{"minecraft:gravel":1,"easyhammers:stone_log_cutter":1,"minecraft:lilac":1,"minecraft:light_gray_wool":1,"minecraft:granite":1,"minecraft:diorite":1,"minecraft:stone_pickaxe":1,"minecraft:wooden_pickaxe":1,"minecraft:white_wool":1},"minecraft:mined":{"minecraft:crafting_table":4,"biomesoplenty:bush":3,"minecraft:grass_block":1,"minecraft:diorite":1,"minecraft:furnace":1,"biomesoplenty:lavender":2,"minecraft:lilac":2,"minecraft:birch_leaves":1,"minecraft:oak_log":6,"minecraft:coal_ore":9,"minecraft:dirt":3,"minecraft:gravel":1,"ecologics:walnut_log":4,"minecraft:stone":23,"minecraft:oak_leaves":3},"minecraft:custom":{"minecraft:interact_with_furnace":5,"minecraft:mob_kills":13,"minecraft:interact_with_crafting_table":8,"minecraft:time_since_death":29488,"minecraft:sleep_in_bed":1,"minecraft:climb_one_cm":1344,"minecraft:time_since_rest":12020,"minecraft:sprint_one_cm":53811,"minecraft:damage_taken":210,"minecraft:walk_one_cm":32877,"minecraft:drop":9,"minecraft:damage_dealt":996,"minecraft:swim_one_cm":3178,"minecraft:fly_one_cm":85021,"minecraft:open_chest":5,"minecraft:play_time":29488,"tombstone:undead_killed":2,"minecraft:sneak_time":345,"minecraft:walk_under_water_one_cm":33415,"minecraft:jump":358,"minecraft:walk_on_water_one_cm":8192,"minecraft:total_world_time":29488,"minecraft:fall_one_cm":12923},"minecraft:picked_up":{"biomesoplenty:lavender":2,"minecraft:crafting_table":4,"minecraft:lilac":2,"minecraft:salmon":4,"minecraft:leather":4,"minecraft:oak_log":11,"minecraft:dirt":4,"minecraft:beef":11,"minecraft:light_gray_wool":1,"minecraft:furnace":1,"ecologics:walnut_log":4,"minecraft:gravel":1,"easyhammers:stone_log_cutter":1,"minecraft:diorite":1,"minecraft:rotten_flesh":3,"minecraft:granite":1,"minecraft:oak_sapling":2,"minecraft:mutton":2,"minecraft:coal":83,"minecraft:white_wool":1,"minecraft:cobblestone":62}},"DataVersion":2975}