{"stats":{"minecraft:killed_by":{"minecraft:creeper":3,"minecraft:zombie":2},"minecraft:killed":{"minecraft:cave_spider":4,"minecraft:witch":2,"minecraft:spider":4,"minecraft:skeleton":12,"artifacts:mimic":36,"minecraft:salmon":5,"minecraft:creeper":2,"minecraft:sheep":2,"minecraft:zombie":60,"minecraft:cow":14,"ars_nouveau:summon_wolf":2,"minecraft:drowned":30,"ars_nouveau:wilden_stalker":9,"ars_nouveau:whirlisprig":1,"ars_nouveau:wilden_hunter":3},"minecraft:picked_up":{"mekanism:raw_uranium":12,"artifacts:bunny_hoppers":2,"minecraft:diamond_sword":1,"minecraft:wither_rose":9,"paraglider:goddess_statue":7,"minecraft:string":74,"minecraft:raw_copper":46,"minecraft:smooth_stone_slab":2,"minecraft:cobbled_deepslate":3420,"minecraft:gold_nugget":13,"minecraft:furnace":6,"minecraft:stick":2,"minecraft:jukebox":1,"ecologics:walnut_log":4,"minecraft:torch":5,"tombstone:grave_dust":24,"minecraft:diorite":19,"mekanism:raw_tin":10,"ae2:sky_stone_block":47,"minecraft:cactus":2,"minecraft:rotten_flesh":73,"artifacts:villager_hat":1,"ae2:fluix_block":6,"evilcraft:condensed_blood":4,"minecraft:cobblestone":818,"biomesoplenty:lavender":3,"minecraft:magma_block":6,"minecraft:lilac":2,"artifacts:thorn_pendant":1,"biomesoplenty:glowshroom":1,"minecraft:andesite":107,"ars_nouveau:source_berry":4,"minecraft:smoker":1,"minecraft:potato":23,"paraglider:spirit_orb":18,"minecraft:flint":9,"minecraft:tuff":549,"minecraft:lapis_lazuli":8,"minecraft:dirt":38,"artifacts:flippers":1,"minecraft:leather_boots":3,"minecraft:bone":8,"minecraft:bow":3,"minecraft:wheat_seeds":2,"minecraft:raw_gold":6,"minecraft:mossy_stone_bricks":2,"artifacts:antidote_vessel":1,"minecraft:moss_block":9,"minecraft:oak_planks":11,"biomesoplenty:magic_sapling":1,"ecologics:prickly_pear":4,"minecraft:sand":173,"ars_nouveau:wilden_horn":2,"minecraft:mossy_cobblestone":12,"biomesoplenty:glowflower":1,"minecraft:bundle":1,"minecraft:polished_andesite":2,"minecraft:light_blue_terracotta":1,"artifacts:golden_hook":1,"minecraft:diamond":38,"minecraft:lever":1,"waystones:waystone":8,"minecraft:granite":12,"minecraft:emerald":26,"minecraft:oak_sapling":3,"minecraft:crafting_table":13,"minecraft:clay_ball":68,"minecraft:leather_leggings":1,"biomesoplenty:jacaranda_sapling":1,"minecraft:shield":1,"minecraft:moss_carpet":3,"artifacts:power_glove":1,"minecraft:white_carpet":4,"artifacts:fire_gauntlet":1,"biomesoplenty:spanish_moss":1,"minecraft:cracked_stone_bricks":2,"paraglider:rito_goddess_statue":1,"minecraft:detector_rail":2,"minecraft:beef":32,"minecraft:oak_boat":4,"minecraft:iron_nugget":1,"minecraft:poppy":1,"minecraft:light_gray_wool":1,"minecraft:chest":1,"minecraft:egg":3,"minecraft:raw_iron":241,"minecraft:oak_door":2,"ecologics:coconut_slice":2,"artifacts:charm_of_sinking":1,"minecraft:copper_ingot":2,"easyhammers:stone_log_cutter":1,"minecraft:trident":1,"minecraft:carrot":3,"minecraft:redstone":36,"ae2:sky_stone_chest":1,"artifacts:snorkel":2,"minecraft:arrow":10,"ae2:certus_quartz_dust":54,"minecraft:hay_block":66,"artifacts:cross_necklace":2,"tombstone:essence_of_undeath":1,"artifacts:pocket_piston":2,"minecraft:gold_ingot":2,"paraglider:horned_statue":1,"minecraft:rail":1,"minecraft:glow_berries":2,"minecraft:mutton":2,"minecraft:white_wool":1,"minecraft:air":0,"artifacts:novelty_drinking_hat":1,"mekanism:raw_lead":5,"artifacts:digging_claws":1,"minecraft:glow_ink_sac":3,"minecraft:salmon":4,"minecraft:cut_sandstone":3,"minecraft:leather":16,"minecraft:filled_map":1,"ars_nouveau:wilden_wing":5,"waystones:sandy_waystone":4,"minecraft:oak_log":22,"artifacts:superstitious_hat":1,"minecraft:gunpowder":4,"artifacts:cloud_in_a_bottle":2,"biomesoplenty:glowing_moss_carpet":12,"minecraft:stone_bricks":1,"minecraft:kelp":3,"artifacts:whoopee_cushion":2,"minecraft:iron_ingot":45,"minecraft:stone_pickaxe":1,"biomesoplenty:magic_log":9,"tombstone:bag_of_seeds":1,"artifacts:steadfast_spikes":2,"minecraft:sweet_berries":23,"minecraft:chiseled_stone_bricks":1,"minecraft:raw_iron_block":2,"minecraft:gravel":118,"minecraft:blast_furnace":3,"minecraft:spruce_log":5,"artifacts:scarf_of_invisibility":1,"biomesoplenty:glowing_moss_block":23,"mekanism:raw_osmium":9,"minecraft:spider_eye":4,"biomesoplenty:bramble":1,"evilcraft:dark_gem":22,"biomesoplenty:mud_ball":84,"tombstone:magic_scroll":2,"minecraft:coal":170},"minecraft:mined":{"biomesoplenty:spanish_moss":1,"minecraft:spruce_planks":2,"paraglider:rito_goddess_statue":1,"minecraft:granite":14,"biomesoplenty:bramble":1,"minecraft:grass_block":4,"ars_nouveau:sourceberry_bush":2,"minecraft:chiseled_stone_bricks":1,"ecologics:prickly_pear":1,"minecraft:spawner":11,"minecraft:tall_seagrass":3,"minecraft:magma_block":7,"minecraft:raw_iron_block":2,"minecraft:iron_ore":17,"minecraft:cobbled_deepslate":1,"minecraft:barrel":1,"biomesoplenty:lavender":3,"minecraft:moss_carpet":4,"minecraft:cave_vines":1,"biomesoplenty:glowflower":1,"ecologics:walnut_log":4,"farmersdelight:wild_potatoes":11,"ae2:fluix_block":2,"biomesoplenty:jacaranda_leaves":21,"minecraft:deepslate_redstone_ore":1,"minecraft:cut_sandstone":6,"biomesoplenty:glowworm_silk":1,"ecologics:pot":6,"ae2:sky_stone_chest":1,"biomesoplenty:glowing_moss_carpet":7,"minecraft:smoker":1,"minecraft:clay":17,"minecraft:torch":1,"minecraft:blast_furnace":3,"minecraft:chest":1,"minecraft:white_stained_glass_pane":2,"mekanism:tin_ore":5,"minecraft:cobblestone":15,"minecraft:oak_planks":1,"minecraft:wall_torch":3,"minecraft:deepslate_copper_ore":1,"minecraft:seagrass":2,"minecraft:light_blue_terracotta":1,"biomesoplenty:magic_leaves":11,"biomesoplenty:spanish_moss_plant":1,"biomesoplenty:glowworm_silk_strand":1,"evilcraft:dark_ore_deepslate":3,"paraglider:horned_statue":1,"minecraft:lilac":2,"minecraft:jukebox":1,"minecraft:potted_poppy":1,"minecraft:wither_rose":9,"minecraft:smooth_stone_slab":2,"biomesoplenty:mud":9,"minecraft:grass":6,"mekanism:deepslate_tin_ore":4,"minecraft:oak_log":17,"mekanism:lead_ore":1,"minecraft:sand":68,"minecraft:dirt":17,"minecraft:oak_leaves":15,"minecraft:deepslate":443,"biomesoplenty:glowing_moss_block":23,"minecraft:tuff":60,"minecraft:mossy_cobblestone":6,"minecraft:deepslate_diamond_ore":14,"minecraft:dark_oak_log":1,"biomesoplenty:bush":3,"biomesoplenty:dead_grass":1,"minecraft:moss_block":11,"minecraft:large_fern":1,"minecraft:hay_block":66,"minecraft:furnace":6,"minecraft:carrots":3,"minecraft:chiseled_sandstone":3,"minecraft:andesite":20,"biomesoplenty:magic_log":9,"minecraft:potatoes":3,"minecraft:deepslate_iron_ore":48,"minecraft:vine":1,"minecraft:packed_ice":1,"ae2:sky_stone_block":3,"minecraft:stone":212,"ae2:quartz_ore":3,"mekanism:deepslate_lead_ore":3,"minecraft:glass_pane":2,"minecraft:crafting_table":13,"minecraft:tall_grass":4,"minecraft:copper_ore":3,"minecraft:diorite":17,"ars_nouveau:blue_archwood_leaves":3,"biomesoplenty:dead_branch":1,"minecraft:sweet_berry_bush":3,"minecraft:ice":2,"minecraft:white_carpet":2,"minecraft:spruce_log":3,"minecraft:birch_leaves":1,"minecraft:coal_ore":24,"minecraft:gravel":60,"minecraft:cobweb":90,"ae2:deepslate_quartz_ore":1,"minecraft:mossy_stone_bricks":2,"paraglider:goddess_statue":7},"minecraft:dropped":{"minecraft:moss_block":4,"minecraft:glow_berries":1,"minecraft:cracked_stone_bricks":2,"minecraft:rail":1,"minecraft:flint":9,"sophisticatedbackpacks:gold_backpack":1,"minecraft:emerald":26,"tombstone:bag_of_seeds":1,"minecraft:dirt":32,"prefab:item_swift_blade_stone":1,"minecraft:cut_sandstone":2,"artifacts:charm_of_sinking":1,"minecraft:gold_nugget":3,"minecraft:sand":162,"minecraft:white_wool":1,"ars_nouveau:wilden_horn":2,"minecraft:gold_ingot":14,"minecraft:bone":1,"minecraft:gravel":103,"minecraft:detector_rail":2,"minecraft:lever":1,"easyhammers:stone_log_cutter":2,"minecraft:iron_nugget":1,"minecraft:cobbled_deepslate":1064,"paraglider:goddess_statue":1,"minecraft:rotten_flesh":16,"artifacts:villager_hat":1,"minecraft:oak_planks":4,"ecologics:prickly_pear":3,"mekanism:raw_tin":4,"sophisticatedbackpacks:smelting_upgrade":1,"minecraft:chiseled_stone_bricks":1,"ars_nouveau:ritual_warping":1,"minecraft:gunpowder":1,"minecraft:beetroot_seeds":2,"minecraft:leather_boots":2,"minecraft:leather_leggings":1,"minecraft:arrow":4,"minecraft:egg":2,"farmersdelight:tomato_seeds":2,"minecraft:golden_boots":1,"minecraft:iron_ingot":96,"minecraft:bread":64,"minecraft:wheat_seeds":2,"minecraft:lilac":1,"minecraft:mossy_cobblestone":8,"minecraft:minecart":2,"evilcraft:condensed_blood":4,"easyhammers:stone_hammer":1,"minecraft:cobblestone":196,"biomesoplenty:mud_ball":84,"minecraft:granite":12,"minecraft:activator_rail":3,"minecraft:copper_ingot":2,"minecraft:coal":11,"minecraft:stick":2,"minecraft:polished_andesite":2,"artifacts:snorkel":1,"minecraft:diorite":22,"mekanism:raw_uranium":4,"minecraft:iron_leggings":1,"biomesoplenty:glowshroom":1,"minecraft:string":32,"artifacts:bunny_hoppers":1,"ars_nouveau:caster_tome":1,"minecraft:redstone":4,"minecraft:kelp":3,"minecraft:smooth_stone_slab":2,"minecraft:tuff":295,"minecraft:raw_iron":6,"minecraft:white_carpet":4,"minecraft:light_gray_wool":1,"minecraft:clay_ball":32,"minecraft:iron_boots":2,"easyhammers:diamond_hammer":1,"minecraft:filled_map":4,"minecraft:diamond_sword":1,"minecraft:hay_block":1,"minecraft:iron_chestplate":1,"minecraft:mossy_stone_bricks":2,"minecraft:golden_leggings":1,"artifacts:pocket_piston":1,"minecraft:oak_sapling":1,"minecraft:spider_eye":2,"minecraft:stone_bricks":1,"minecraft:bow":3,"minecraft:stone_pickaxe":3,"minecraft:wooden_pickaxe":1,"minecraft:magma_block":1,"easyhammers:stone_multi_spade":1},"minecraft:used":{"minecraft:moss_block":1,"minecraft:moss_carpet":1,"minecraft:chest":1,"minecraft:shield":76,"biomesoplenty:bramble":1,"minecraft:rotten_flesh":1,"paraglider:goddess_statue":4,"minecraft:mutton":2,"minecraft:carrot":3,"ecologics:prickly_pear":1,"minecraft:acacia_sapling":1,"minecraft:tuff":10,"ars_nouveau:source_berry":4,"minecraft:magma_block":5,"minecraft:sweet_berries":1,"minecraft:furnace":8,"minecraft:potato":21,"minecraft:golden_boots":1,"easyhammers:stone_hammer":59,"minecraft:oak_planks":1,"minecraft:stone_pickaxe":97,"minecraft:cactus":2,"minecraft:wooden_pickaxe":11,"biomesoplenty:lavender":3,"minecraft:sand":2,"minecraft:blast_furnace":2,"waystones:waystone":4,"minecraft:bread":113,"tombstone:grave_key":6,"minecraft:gravel":14,"ecologics:coconut_slice":2,"minecraft:diamond_sword":641,"minecraft:oak_boat":4,"minecraft:bone_meal":27,"easyhammers:stone_multi_spade":72,"minecraft:experience_bottle":2,"bonsaitrees3:bonsaipot":2,"waystones:sandy_waystone":2,"biomesoplenty:glowing_moss_block":1,"minecraft:cooked_salmon":4,"minecraft:stone_hoe":73,"minecraft:oak_door":5,"minecraft:torch":52,"minecraft:dirt":7,"tombstone:scroll_of_aquatic_life":1,"easyhammers:golden_hammer":95,"paraglider:horned_statue":1,"minecraft:iron_axe":181,"carryon:entity_item":2,"minecraft:iron_boots":1,"easyhammers:stone_log_cutter":17,"prefab:item_swift_blade_stone":36,"biomesoplenty:spanish_moss":1,"tombstone:gift":5,"farmersdelight:cooked_mutton_chops":6,"minecraft:cooked_beef":3,"minecraft:cobbled_deepslate":82,"minecraft:iron_leggings":1,"minecraft:water_bucket":130,"minecraft:crafting_table":17,"easyhammers:iron_multi_spade":70,"minecraft:smoker":1,"minecraft:oak_log":1,"minecraft:diamond_pickaxe":13,"easyhammers:diamond_hammer":418,"easyhammers:iron_hammer":338,"minecraft:cobblestone":160,"minecraft:cooked_porkchop":1,"minecraft:bucket":131,"minecraft:wither_rose":1},"minecraft:crafted":{"minecraft:brick":16,"minecraft:oak_planks":48,"ecologics:walnut_planks":16,"easyhammers:stone_multi_spade":1,"sophisticatedbackpacks:crafting_upgrade":1,"easyhammers:iron_multi_spade":1,"minecraft:hopper":1,"sophisticatedbackpacks:smelting_upgrade":1,"minecraft:iron_boots":3,"tombstone:grave_key":5,"minecraft:chest":3,"minecraft:stone_hoe":1,"sophisticatedbackpacks:backpack":1,"minecraft:emerald":10,"minecraft:cooked_porkchop":1,"minecraft:crafting_table":5,"minecraft:spruce_planks":20,"minecraft:wooden_pickaxe":1,"easyhammers:stone_log_cutter":1,"minecraft:iron_helmet":3,"sophisticatedbackpacks:upgrade_base":3,"minecraft:iron_chestplate":3,"minecraft:emerald_block":3,"minecraft:shield":1,"easyhammers:golden_hammer":1,"sophisticatedbackpacks:diamond_backpack":1,"minecraft:stick":40,"minecraft:iron_ingot":29,"sophisticatedbackpacks:blasting_upgrade":1,"easyhammers:stone_hammer":1,"easyhammers:emerald_log_cutter":1,"minecraft:oak_door":3,"minecraft:raw_iron":18,"easyhammers:iron_hammer":2,"minecraft:stone_shovel":3,"minecraft:furnace":3,"bonsaitrees3:bonsaipot":2,"minecraft:leather":2,"minecraft:iron_axe":2,"easyhammers:diamond_hammer":1,"minecraft:stone_pickaxe":2,"biomesoplenty:magic_planks":8,"minecraft:wheat":162,"sophisticatedbackpacks:iron_backpack":1,"minecraft:cooked_beef":28,"paraglider:paraglider":1,"farmersdelight:cooked_mutton_chops":6,"prefab:item_swift_blade_stone":1,"minecraft:cooked_salmon":4,"sophisticatedbackpacks:gold_backpack":2,"minecraft:bucket":1,"minecraft:stone_axe":2,"minecraft:bread":54,"minecraft:air":0,"minecraft:oak_boat":1,"minecraft:iron_shovel":3,"minecraft:iron_leggings":2,"minecraft:torch":16},"minecraft:broken":{"minecraft:leather_helmet":1,"easyhammers:golden_hammer":3,"minecraft:shield":1,"minecraft:leather_boots":1,"minecraft:iron_helmet":2},"minecraft:custom":{"minecraft:interact_with_crafting_table":49,"minecraft:open_barrel":100,"goblintraders:trade_with_goblin":10,"minecraft:leave_game":10,"minecraft:time_since_death":189921,"minecraft:sprint_one_cm":861130,"minecraft:damage_blocked_by_shield":1800,"minecraft:drop":218,"minecraft:play_time":457776,"minecraft:deaths":6,"minecraft:jump":6483,"minecraft:interact_with_brewingstand":1,"minecraft:walk_on_water_one_cm":53912,"minecraft:interact_with_furnace":36,"minecraft:sleep_in_bed":6,"minecraft:waystone_activated":9,"minecraft:damage_dealt":46320,"minecraft:crouch_one_cm":6085,"tombstone:undead_killed":102,"minecraft:interact_with_smoker":20,"minecraft:horse_one_cm":509,"minecraft:mob_kills":199,"minecraft:damage_dealt_resisted":50,"minecraft:climb_one_cm":12068,"minecraft:walk_one_cm":641225,"minecraft:sneak_time":8161,"minecraft:walk_under_water_one_cm":115059,"minecraft:boat_one_cm":465647,"minecraft:interact_with_blast_furnace":17,"minecraft:total_world_time":457776,"tombstone:raider_killed":2,"minecraft:time_since_rest":56698,"minecraft:damage_taken":9473,"minecraft:damage_absorbed":80,"minecraft:swim_one_cm":272794,"minecraft:fly_one_cm":2524952,"minecraft:open_chest":263,"minecraft:aviate_one_cm":772034,"minecraft:fall_one_cm":401304}},"DataVersion":2975}