{"stats":{"minecraft:used":{"easyhammers:stone_hammer":42,"minecraft:stone_pickaxe":16,"minecraft:shield":14,"minecraft:wooden_pickaxe":11,"biomesoplenty:lavender":2,"minecraft:cooked_salmon":4,"minecraft:rotten_flesh":1,"minecraft:torch":1,"minecraft:dirt":7,"minecraft:mutton":2,"minecraft:crafting_table":6,"minecraft:carrot":3,"minecraft:oak_log":1,"minecraft:iron_axe":10,"easyhammers:stone_log_cutter":14,"prefab:item_swift_blade_stone":36,"minecraft:cobblestone":19,"minecraft:furnace":5,"minecraft:potato":3},"minecraft:killed":{"minecraft:salmon":5,"minecraft:sheep":2,"minecraft:skeleton":2,"minecraft:zombie":1,"ars_nouveau:wilden_stalker":4,"minecraft:drowned":1,"minecraft:cow":5},"minecraft:crafted":{"minecraft:cooked_beef":14,"paraglider:paraglider":1,"minecraft:oak_planks":12,"minecraft:crafting_table":1,"prefab:item_swift_blade_stone":1,"easyhammers:stone_log_cutter":1,"minecraft:wooden_pickaxe":1,"ecologics:walnut_planks":16,"minecraft:furnace":2,"minecraft:cooked_salmon":4,"minecraft:stone_axe":2,"minecraft:air":0,"minecraft:leather":1,"minecraft:shield":1,"minecraft:iron_axe":1,"minecraft:stick":24,"minecraft:iron_ingot":12,"minecraft:stone_pickaxe":2,"easyhammers:stone_hammer":1,"minecraft:torch":4},"minecraft:dropped":{"minecraft:gravel":1,"easyhammers:stone_log_cutter":1,"minecraft:lilac":1,"minecraft:light_gray_wool":1,"minecraft:granite":1,"prefab:item_swift_blade_stone":1,"minecraft:diorite":1,"minecraft:stone_pickaxe":1,"minecraft:wooden_pickaxe":1,"minecraft:white_wool":1},"minecraft:mined":{"minecraft:crafting_table":6,"biomesoplenty:bush":3,"minecraft:grass_block":2,"minecraft:cobblestone":2,"minecraft:diorite":1,"minecraft:wall_torch":1,"minecraft:furnace":5,"minecraft:iron_ore":5,"biomesoplenty:lavender":2,"minecraft:lilac":2,"minecraft:birch_leaves":1,"minecraft:grass":1,"minecraft:oak_log":6,"minecraft:coal_ore":9,"minecraft:dirt":3,"minecraft:gravel":1,"ecologics:walnut_log":4,"minecraft:stone":45,"farmersdelight:wild_potatoes":11,"minecraft:oak_leaves":3},"minecraft:custom":{"minecraft:interact_with_furnace":24,"minecraft:mob_kills":20,"minecraft:interact_with_crafting_table":13,"minecraft:time_since_death":41488,"minecraft:sleep_in_bed":1,"minecraft:climb_one_cm":1344,"minecraft:time_since_rest":24020,"minecraft:sprint_one_cm":71147,"minecraft:damage_taken":365,"minecraft:walk_one_cm":53124,"minecraft:damage_blocked_by_shield":250,"minecraft:drop":10,"minecraft:damage_dealt":2006,"minecraft:swim_one_cm":3178,"minecraft:fly_one_cm":129243,"minecraft:open_chest":5,"minecraft:play_time":41488,"tombstone:undead_killed":4,"minecraft:sneak_time":345,"minecraft:walk_under_water_one_cm":34930,"minecraft:jump":599,"minecraft:walk_on_water_one_cm":10209,"minecraft:total_world_time":41488,"minecraft:fall_one_cm":14653},"minecraft:picked_up":{"biomesoplenty:lavender":2,"minecraft:crafting_table":6,"minecraft:lilac":2,"minecraft:salmon":4,"minecraft:leather":6,"minecraft:potato":11,"ars_nouveau:wilden_wing":2,"minecraft:oak_log":11,"minecraft:dirt":5,"minecraft:bone":1,"minecraft:iron_ingot":1,"minecraft:beef":14,"minecraft:light_gray_wool":1,"minecraft:furnace":5,"minecraft:raw_iron":13,"ecologics:walnut_log":4,"minecraft:torch":1,"minecraft:gravel":1,"easyhammers:stone_log_cutter":1,"minecraft:diorite":1,"minecraft:arrow":2,"minecraft:rotten_flesh":3,"waystones:waystone":1,"minecraft:granite":1,"minecraft:oak_sapling":2,"minecraft:mutton":2,"minecraft:coal":121,"minecraft:white_wool":1,"minecraft:cobblestone":217}},"DataVersion":2975}