{"stats":{"minecraft:crafted":{"minecraft:cooked_beef":23,"paraglider:paraglider":1,"minecraft:oak_planks":16,"farmersdelight:cooked_mutton_chops":6,"minecraft:cooked_porkchop":1,"minecraft:crafting_table":2,"prefab:item_swift_blade_stone":1,"easyhammers:stone_log_cutter":1,"ecologics:walnut_planks":16,"minecraft:wooden_pickaxe":1,"minecraft:furnace":2,"minecraft:cooked_salmon":4,"minecraft:stone_axe":2,"minecraft:bread":54,"minecraft:air":0,"minecraft:leather":2,"minecraft:shield":1,"minecraft:iron_axe":1,"tombstone:grave_key":1,"minecraft:stick":28,"minecraft:iron_ingot":12,"minecraft:stone_pickaxe":2,"easyhammers:stone_hammer":1,"minecraft:torch":4,"minecraft:stone_hoe":1,"minecraft:wheat":162},"minecraft:dropped":{"minecraft:gravel":1,"easyhammers:stone_log_cutter":1,"minecraft:lilac":1,"minecraft:rotten_flesh":2,"minecraft:light_gray_wool":1,"minecraft:granite":1,"minecraft:stick":2,"prefab:item_swift_blade_stone":1,"minecraft:diorite":1,"minecraft:leather_boots":1,"minecraft:leather_leggings":1,"minecraft:arrow":2,"minecraft:bow":1,"minecraft:stone_pickaxe":1,"minecraft:wooden_pickaxe":1,"minecraft:white_wool":1,"minecraft:egg":2,"minecraft:bone":1},"minecraft:used":{"minecraft:moss_carpet":1,"easyhammers:stone_hammer":46,"minecraft:stone_pickaxe":30,"minecraft:wooden_pickaxe":11,"minecraft:shield":16,"biomesoplenty:lavender":2,"minecraft:cooked_salmon":4,"minecraft:stone_hoe":29,"minecraft:rotten_flesh":1,"minecraft:torch":1,"minecraft:dirt":7,"minecraft:mutton":2,"minecraft:crafting_table":9,"tombstone:scroll_of_aquatic_life":1,"minecraft:blast_furnace":2,"minecraft:carrot":3,"minecraft:smoker":1,"waystones:waystone":2,"minecraft:oak_log":1,"minecraft:iron_axe":43,"minecraft:bread":5,"tombstone:grave_key":1,"easyhammers:stone_log_cutter":14,"prefab:item_swift_blade_stone":36,"minecraft:cobblestone":83,"minecraft:furnace":7,"minecraft:cooked_porkchop":1,"farmersdelight:cooked_mutton_chops":1,"biomesoplenty:spanish_moss":1,"minecraft:cooked_beef":3,"minecraft:potato":3},"minecraft:mined":{"biomesoplenty:spanish_moss":1,"minecraft:spruce_planks":2,"minecraft:smoker":1,"minecraft:crafting_table":8,"biomesoplenty:bush":3,"minecraft:blast_furnace":2,"minecraft:grass_block":3,"minecraft:cobblestone":2,"minecraft:moss_block":1,"minecraft:diorite":1,"minecraft:wall_torch":1,"minecraft:large_fern":1,"minecraft:hay_block":26,"minecraft:furnace":5,"biomesoplenty:spanish_moss_plant":1,"minecraft:iron_ore":9,"paraglider:horned_statue":1,"minecraft:lilac":2,"biomesoplenty:lavender":3,"minecraft:birch_leaves":1,"minecraft:moss_carpet":1,"minecraft:grass":1,"minecraft:coal_ore":9,"minecraft:oak_log":6,"minecraft:vine":1,"minecraft:gravel":1,"minecraft:dirt":4,"ecologics:walnut_log":4,"minecraft:stone":45,"paraglider:goddess_statue":2,"minecraft:oak_leaves":14,"farmersdelight:wild_potatoes":11},"minecraft:custom":{"minecraft:interact_with_furnace":27,"minecraft:mob_kills":33,"tombstone:raider_killed":1,"minecraft:interact_with_crafting_table":18,"minecraft:leave_game":1,"minecraft:time_since_death":16959,"minecraft:sleep_in_bed":1,"minecraft:climb_one_cm":2729,"minecraft:time_since_rest":16989,"minecraft:waystone_activated":2,"minecraft:sprint_one_cm":195572,"minecraft:damage_taken":1019,"minecraft:walk_one_cm":101709,"minecraft:damage_blocked_by_shield":310,"minecraft:drop":21,"minecraft:damage_dealt":3936,"minecraft:swim_one_cm":46482,"minecraft:fly_one_cm":389277,"minecraft:open_chest":25,"minecraft:play_time":81439,"minecraft:crouch_one_cm":350,"minecraft:sneak_time":469,"tombstone:undead_killed":7,"minecraft:deaths":1,"minecraft:walk_under_water_one_cm":38685,"minecraft:jump":1625,"minecraft:interact_with_blast_furnace":2,"minecraft:walk_on_water_one_cm":20580,"minecraft:fall_one_cm":33803,"minecraft:total_world_time":81439,"minecraft:interact_with_smoker":11,"minecraft:horse_one_cm":509},"minecraft:picked_up":{"biomesoplenty:lavender":2,"minecraft:crafting_table":8,"minecraft:lilac":2,"minecraft:salmon":4,"minecraft:leather":14,"minecraft:smoker":1,"minecraft:potato":11,"ars_nouveau:wilden_wing":2,"minecraft:oak_log":11,"paraglider:goddess_statue":2,"minecraft:dirt":6,"minecraft:moss_carpet":1,"minecraft:leather_boots":2,"minecraft:bone":2,"biomesoplenty:spanish_moss":1,"minecraft:bow":1,"minecraft:iron_ingot":1,"minecraft:beef":28,"minecraft:light_gray_wool":1,"minecraft:furnace":5,"minecraft:egg":3,"minecraft:raw_iron":18,"ecologics:walnut_log":4,"minecraft:torch":1,"minecraft:gravel":1,"easyhammers:stone_log_cutter":1,"minecraft:blast_furnace":2,"minecraft:diorite":2,"minecraft:arrow":4,"minecraft:rotten_flesh":5,"waystones:waystone":3,"minecraft:hay_block":26,"minecraft:granite":1,"minecraft:oak_sapling":2,"paraglider:horned_statue":1,"minecraft:mutton":2,"minecraft:coal":121,"minecraft:white_wool":1,"minecraft:cobblestone":234},"minecraft:killed":{"minecraft:witch":1,"minecraft:salmon":5,"minecraft:spider":1,"minecraft:sheep":2,"minecraft:skeleton":3,"minecraft:zombie":3,"ars_nouveau:wilden_stalker":4,"minecraft:drowned":1,"minecraft:cow":12},"minecraft:broken":{"minecraft:leather_boots":1},"minecraft:killed_by":{"minecraft:creeper":1}},"DataVersion":2975}